Id,TARGET_5Yrs
0,0.28132707
1,0.39067107
2,0.8572249
3,0.66808724
4,0.36051887
5,0.58096635
6,0.16579328
7,0.4910392
8,0.35414317
9,0.27602273
10,0.5385819
11,0.4933151
12,0.3583928
13,0.7842536
14,0.65501505
15,0.7343054
16,0.84671295
17,0.43676955
18,0.3044003
19,0.81979257
20,0.8621249
21,0.7803221
22,0.6954163
23,0.3216394
24,0.6504118
25,0.6767627
26,0.74531007
27,0.85285246
28,0.5223843
29,0.528303
30,0.60666114
31,0.38024032
32,0.29730332
33,0.29390466
34,0.29946107
35,0.27935523
36,0.31844035
37,0.14082871
38,0.39800143
39,0.8443238
40,0.90122676
41,0.27285618
42,0.33081546
43,0.4057912
44,0.43553075
45,0.41919255
46,0.47459096
47,0.39880756
48,0.62568766
49,0.54440165
50,0.41122574
51,0.33081546
52,0.58104086
53,0.11921412
54,0.86691594
55,0.5353682
56,0.55172896
57,0.17974328
58,0.60934263
59,0.9293458
60,0.5507352
61,0.33752987
62,0.3974355
63,0.9116227
64,0.470344
65,0.14116812
66,0.28017363
67,0.2219681
68,0.42323896
69,0.6149514
70,0.7901581
71,0.6608932
72,0.5215272
73,0.31161115
74,0.37872812
75,0.43536028
76,0.39819306
77,0.5326275
78,0.5558507
79,0.77083075
80,0.45781058
81,0.49304926
82,0.60430926
83,0.29797658
84,0.41965944
85,0.23345001
86,0.36974964
87,0.3104172
88,0.23038183
89,0.4382489
90,0.6273451
91,0.20778315
92,0.7788106
93,0.43076193
94,0.36906978
95,0.7419613
96,0.66113853
97,0.76497537
98,0.110663936
99,0.7133823
100,0.44384462
101,0.6109315
102,0.75027597
103,0.53079426
104,0.47716293
105,0.51564944
106,0.62415946
107,0.25203362
108,0.61602795
109,0.28591123
110,0.765985
111,0.5308627
112,0.16222185
113,0.8383351
114,0.46393883
115,0.86443514
116,0.41595575
117,0.30889964
118,0.4415764
119,0.2639572
120,0.6232192
121,0.23355828
122,0.76603234
123,0.5385387
124,0.33520767
125,0.8412487
126,0.6228672
127,0.3930016
128,0.6384825
129,0.40219587
130,0.39473173
131,0.73802614
132,0.42753613
133,0.4960023
134,0.5285006
135,0.46033144
136,0.84244716
137,0.5710283
138,0.61090267
139,0.29039735
140,0.7397399
141,0.6910327
142,0.36940837
143,0.5353682
144,0.2721403
145,0.55932975
146,0.4177027
147,0.17005701
148,0.76014584
149,0.23038183
150,0.70736134
151,0.5166479
152,0.3308838
153,0.8908689
154,0.3930016
155,0.8302381
156,0.26901418
157,0.2960801
158,0.7326558
159,0.16222185
160,0.4725017
161,0.80984586
162,0.34069175
163,0.35541996
164,0.4721632
165,0.5009445
166,0.6961689
167,0.3035749
168,0.5530659
169,0.7476352
170,0.27658343
171,0.4148676
172,0.5525571
173,0.38351393
174,0.74615175
175,0.7340925
176,0.44115117
177,0.41474158
178,0.32524633
179,0.26231295
180,0.53651345
181,0.9363992
182,0.76014584
183,0.2499901
184,0.751446
185,0.42305103
186,0.17587197
187,0.5734272
188,0.6965812
189,0.35564342
190,0.37192202
191,0.33824936
192,0.35191873
193,0.42986226
194,0.74866915
195,0.3926921
196,0.70433
197,0.34236568
198,0.39346611
199,0.6152357
200,0.2246146
201,0.33811665
202,0.14116812
203,0.31267077
204,0.35178855
205,0.25532043
206,0.4901805
207,0.37660578
208,0.39112055
209,0.77141666
210,0.6716448
211,0.5477269
212,0.6062223
213,0.6799326
214,0.63459355
215,0.5745427
216,0.3165026
217,0.20779265
218,0.39254895
219,0.7492511
220,0.41946945
221,0.4595029
222,0.51643884
223,0.10495774
224,0.56841934
225,0.34605095
226,0.5023339
227,0.45905066
228,0.27979922
229,0.54496926
230,0.66417795
231,0.450863
232,0.44690028
233,0.73288006
234,0.50866926
235,0.9390353
236,0.6152343
237,0.28617173
238,0.605385
239,0.92148995
240,0.92078924
241,0.48695013
242,0.691336
243,0.50896055
244,0.84389853
245,0.4358788
246,0.14116812
247,0.28017363
248,0.23320091
249,0.42597196
250,0.20318492
251,0.5544898
252,0.42400363
253,0.81243
254,0.6497985
255,0.7519911
256,0.34612998
257,0.44384462
258,0.2254735
259,0.4631257
260,0.91225123
261,0.25331503
262,0.5787774
263,0.21914886
264,0.12197288
265,0.60317004
266,0.6647578
267,0.47698
268,0.38737145
269,0.4890379
270,0.375744
271,0.33270267
272,0.16079544
273,0.38368928
274,0.5483427
275,0.3395172
276,0.24465804
277,0.67824405
278,0.8751764
279,0.34895676
280,0.2986781
281,0.57822067
282,0.36719128
283,0.884708
284,0.44783688
285,0.47906864
286,0.53098667
287,0.60956335
288,0.68651664
289,0.84539706
290,0.40627766
291,0.20779265
292,0.5412837
293,0.31280342
294,0.37891555
295,0.41452175
296,0.60051817
297,0.654513
298,0.83197176
299,0.79707277
300,0.2713643
301,0.9011796
302,0.39736888
303,0.55615324
304,0.43589056
305,0.5735183
306,0.72380304
307,0.20318492
308,0.28752825
309,0.38737145
310,0.6006432
311,0.5309296
312,0.23038183
313,0.3235974
314,0.36290592
315,0.43129578
316,0.7419613
317,0.7932857
318,0.3158605
319,0.47467208
320,0.30292132
321,0.948249
322,0.37378192
323,0.38737145
324,0.23303835
325,0.5616565
326,0.6581672
327,0.20767303
328,0.67874366
329,0.17489466
330,0.5671272
331,0.4154158
332,0.46633777
333,0.5895751
334,0.26255453
335,0.53181934
336,0.2862646
337,0.34434596
338,0.56770796
339,0.2910639
340,0.92436755
341,0.28017363
342,0.50130606
343,0.21426886
344,0.7563918
345,0.70800143
346,0.29081854
347,0.72297305
348,0.43072683
349,0.86955893
350,0.2906188
351,0.25203362
352,0.5436538
353,0.65849215
354,0.6368966
355,0.53979886
356,0.44415504
357,0.20316948
358,0.40833282
359,0.37167117
360,0.5353602
361,0.3114395
362,0.12670028
363,0.58104086
364,0.5364846
365,0.2223355
366,0.49064967
367,0.62861574
368,0.5082672
369,0.8106937
370,0.6878925
371,0.32476383
372,0.59682876
373,0.5589774
374,0.78101975
375,0.85840374
376,0.7077979
377,0.3172363
378,0.2639572
379,0.14116812
380,0.47890395
381,0.40829203
382,0.6351274
383,0.4499383
384,0.39113405
385,0.16503349
386,0.2931613
387,0.44058302
388,0.7787561
389,0.5519979
390,0.57543635
391,0.40885457
392,0.5509259
393,0.3898418
394,0.23041654
395,0.51264197
396,0.32221887
397,0.61902887
398,0.56145483
399,0.73259
400,0.2254735
401,0.70033807
402,0.85030824
403,0.5451866
404,0.35904783
405,0.14116812
406,0.9078867
407,0.45746824
408,0.4453575
409,0.6865653
410,0.84793806
411,0.5401022
412,0.7200279
413,0.70352393
414,0.28017363
415,0.5994644
416,0.54878217
417,0.7299499
418,0.28017363
419,0.63993007
420,0.49167103
421,0.29326838
422,0.5987997
423,0.3734407
424,0.2781169
425,0.71107566
426,0.38589746
427,0.40907124
428,0.5616565
429,0.5477882
430,0.5832357
431,0.3908547
432,0.49925077
433,0.8995611
434,0.49260384
435,0.80648696
436,0.6072206
437,0.40992016
438,0.65139496
439,0.3896508
440,0.5962145
441,0.8126597
442,0.29390192
443,0.66723245
444,0.3367761
445,0.5988554
446,0.46356806
447,0.22468516
448,0.2742813
449,0.5559908
450,0.75883013
451,0.42092603
452,0.6167295
453,0.6235392
454,0.66046953
455,0.35337678
456,0.6317641
457,0.6126934
458,0.55736274
459,0.23219739
460,0.42359006
461,0.38999882
462,0.34891248
463,0.3114395
464,0.8485962
465,0.26792586
466,0.39954785
467,0.6741097
468,0.8849032
469,0.197355
470,0.77599394
471,0.54406637
472,0.6407469
473,0.70121014
474,0.4816845
475,0.62280655
476,0.28368732
477,0.38999882
478,0.14411922
479,0.9392108
480,0.6470286
481,0.26111993
482,0.61672586
483,0.3402412
484,0.16561997
485,0.37904572
486,0.57543635
487,0.7074553
488,0.2771325
489,0.34705964
490,0.43115842
491,0.61026627
492,0.12542169
493,0.72041446
494,0.62335104
495,0.4709902
496,0.31934795
497,0.36708817
498,0.18499179
499,0.4371193
500,0.47213683
501,0.48720518
502,0.94600654
503,0.19076811
504,0.6869185
505,0.5592111
506,0.33147135
507,0.69747055
508,0.45818746
509,0.29791474
510,0.47105289
511,0.6469898
512,0.23219739
513,0.38432494
514,0.49675968
515,0.5052963
516,0.2915601
517,0.3888978
518,0.37941462
519,0.41919255
520,0.57169664
521,0.44114116
522,0.6500608
523,0.26969293
524,0.7157018
525,0.19896337
526,0.46958256
527,0.58712924
528,0.35036892
529,0.3395178
530,0.6768716
531,0.56229115
532,0.49432334
533,0.6021046
534,0.69393194
535,0.22784808
536,0.37703437
537,0.54187876
538,0.2693674
539,0.48170245
540,0.5477882
541,0.29039735
542,0.61753607
543,0.37594342
544,0.348088
545,0.67260766
546,0.69234073
547,0.42749152
548,0.2063732
549,0.3410555
550,0.36464232
551,0.42490393
552,0.27842468
553,0.68980134
554,0.32925147
555,0.49108455
556,0.53584415
557,0.28810543
558,0.54187876
559,0.3607617
560,0.4583651
561,0.6480995
562,0.8986998
563,0.15917525
564,0.17434588
565,0.26855898
566,0.49466932
567,0.38999882
568,0.4635712
569,0.40889916
570,0.50146633
571,0.58104086
572,0.47704124
573,0.38119867
574,0.5119725
575,0.3656819
576,0.20779265
577,0.61142606
578,0.6312233
579,0.6450953
580,0.55484897
581,0.4819757
582,0.54187876
583,0.13785154
584,0.3115057
585,0.4763748
586,0.31051934
587,0.8319739
588,0.94186026
589,0.5728066
590,0.89254916
591,0.5867438
592,0.7593324
593,0.5276277
594,0.19725148
595,0.39580637
596,0.9375422
597,0.5559908
598,0.31505644
599,0.28660783
600,0.32344714
601,0.37091258
602,0.7748599
603,0.37086543
604,0.6410051
605,0.27643332
606,0.42849112
607,0.63822484
608,0.33875364
609,0.7593324
610,0.42125997
611,0.54765004
612,0.40245682
613,0.6608999
614,0.42416814
615,0.3395172
616,0.5304676
617,0.5855406
618,0.31877747
619,0.28017363
620,0.9157068
621,0.5186768
622,0.67774165
623,0.58632123
624,0.89099413
625,0.41387877
626,0.54327446
627,0.72987
628,0.63430923
629,0.76209205
630,0.5644335
631,0.80891174
632,0.55615324
633,0.24024077
634,0.6602141
635,0.43526644
636,0.21133555
637,0.39800143
638,0.32102305
639,0.56641406
640,0.4707346
641,0.46312186
642,0.53079426
643,0.7202252
644,0.54187876
645,0.50830615
646,0.6809188
647,0.46115455
648,0.5741463
649,0.6681602
650,0.54187876
651,0.37779287
652,0.33081546
653,0.61025363
654,0.5512873
655,0.36940837
656,0.14116812
657,0.5194958
658,0.6892937
659,0.9092111
660,0.37497208
661,0.18495692
662,0.20767303
663,0.53301144
664,0.35417673
665,0.42020416
666,0.50789154
667,0.46914095
668,0.57506263
669,0.19920006
670,0.91743255
671,0.33071792
672,0.51879567
673,0.64550227
674,0.18155779
675,0.7095929
676,0.56228155
677,0.14116812
678,0.33375394
679,0.15338637
680,0.49442953
681,0.9253477
682,0.34895068
683,0.6107292
684,0.5047462
685,0.47490776
686,0.3987791
687,0.4912334
688,0.37888628
689,0.14116812
690,0.36344603
691,0.19127904
692,0.9163805
693,0.35313618
694,0.77446645
695,0.88953674
696,0.42085338
697,0.30006647
698,0.63785106
699,0.5212712
700,0.6847627
701,0.37518513
702,0.42248356
703,0.31149212
704,0.29039735
705,0.2639572
706,0.82447535
707,0.8572249
708,0.1901657
709,0.4587992
710,0.5558507
711,0.5614534
712,0.6299535
713,0.7881673
714,0.42155513
715,0.80328774
716,0.59418476
717,0.56540114
718,0.7025598
719,0.20779265
720,0.5771618
721,0.729068
722,0.56145483
723,0.52711403
724,0.57412785
725,0.30908796
726,0.5195361
727,0.26855898
728,0.8415668
729,0.45458117
730,0.61834675
731,0.28780544
732,0.13046831
733,0.15917525
734,0.5123991
735,0.39866558
736,0.2874181
737,0.48976943
738,0.38737145
739,0.52754056
740,0.5009363
741,0.42986733
742,0.7299499
743,0.31462654
744,0.58340865
745,0.7922448
746,0.4408192
747,0.57235175
748,0.50240445
749,0.42676377
750,0.32524633
751,0.42893833
752,0.35513306
753,0.6202309
754,0.27025467
755,0.39954785
756,0.7398742
757,0.37871975
758,0.4118143
759,0.7816575
760,0.17178962
761,0.19590443
762,0.11921412
763,0.7755938
764,0.5775392
765,0.7664508
766,0.28591123
767,0.8202103
768,0.28532103
769,0.7976814
770,0.5639288
771,0.7929452
772,0.73458976
773,0.28591123
774,0.27979922
775,0.5401189
776,0.4151017
777,0.6988786
778,0.2873208
779,0.43536028
780,0.62347704
781,0.7721697
782,0.69908416
783,0.88313043
784,0.41196606
785,0.64808327
786,0.4912616
787,0.30045933
788,0.39818057
789,0.7475005
790,0.59984344
791,0.44618386
792,0.40311465
793,0.60290945
794,0.3395178
795,0.37767953
796,0.20826405
797,0.44028378
798,0.35513306
799,0.41566494
800,0.53079426
801,0.36356926
802,0.4760605
803,0.535729
804,0.5278956
805,0.6375136
806,0.4953758
807,0.63055444
808,0.5616565
809,0.42013994
810,0.55615324
811,0.46194392
812,0.8358843
813,0.5743062
814,0.3535117
815,0.5131611
816,0.375744
817,0.6121311
818,0.59443027
819,0.37410998
820,0.5671272
821,0.79822445
822,0.20866781
823,0.19920006
824,0.14116812
825,0.39152172
826,0.5615601
827,0.16222185
828,0.4649559
829,0.64298517
830,0.49336454
831,0.48318562
832,0.30498272
833,0.58054686
834,0.2639572
835,0.7883705
836,0.16561997
837,0.77599394
838,0.20298676
839,0.6873222
840,0.8545965
841,0.6685303
842,0.44561103
843,0.27935523
844,0.5083611
845,0.53533304
846,0.53301144
847,0.3757868
848,0.5441178
849,0.4671074
850,0.47523516
851,0.43431324
852,0.32232618
853,0.37690675
854,0.6110147
855,0.34374633
856,0.46033144
857,0.36030546
858,0.58861053
859,0.6052756
860,0.7925981
861,0.71329176
862,0.37892595
863,0.45781997
864,0.67106336
865,0.3386083
866,0.6031634
867,0.255454
868,0.19162856
869,0.91473424
870,0.31051934
871,0.49182865
872,0.4490755
873,0.43175536
874,0.2257691
875,0.5559908
876,0.7821639
877,0.4912616
878,0.47158486
879,0.37754095
880,0.29576457
881,0.28604594
882,0.5208958
883,0.40694752
884,0.34414044
885,0.57966137
886,0.22875233
887,0.56272626
888,0.72987
889,0.4656533
890,0.5988011
891,0.58154756
892,0.5244356
893,0.86486775
894,0.21234928
895,0.42575935
896,0.5731847
897,0.5230315
898,0.40367836
899,0.35745737
900,0.5535721
901,0.5486254
902,0.42266122
903,0.33004424
904,0.4075275
905,0.3842519
906,0.701202
907,0.28017363
908,0.44220534
909,0.21598439
910,0.24951537
911,0.88305116
912,0.32102305
913,0.31830978
914,0.53651345
915,0.45052534
916,0.6390161
917,0.3247548
918,0.44355312
919,0.37484756
920,0.5082672
921,0.27675977
922,0.86687356
923,0.24951537
924,0.3330443
925,0.52124685
926,0.4716535
927,0.2086694
928,0.3388547
929,0.5483087
930,0.2444752
931,0.54327446
932,0.60718536
933,0.5477882
934,0.53406763
935,0.43540004
936,0.4474587
937,0.23782492
938,0.5165061
939,0.63715255
940,0.44799003
941,0.3408697
942,0.6293856
943,0.55976367
944,0.46031266
945,0.5389729
946,0.77473545
947,0.34173223
948,0.54429865
949,0.37953374
950,0.46550786
951,0.5901042
952,0.66046953
953,0.28872067
954,0.4324203
955,0.5813964
956,0.71722966
957,0.5186319
958,0.44384462
959,0.5668263
960,0.54637736
961,0.6673847
962,0.43724266
963,0.46256638
964,0.11921412
965,0.8302381
966,0.5137973
967,0.49136564
968,0.6389391
969,0.47716293
970,0.56895983
971,0.78769165
972,0.30206433
973,0.5771828
974,0.41423127
975,0.4708894
976,0.24616495
977,0.7336209
978,0.4283929
979,0.41946945
980,0.5389729
981,0.38640684
982,0.15747096
983,0.38210198
984,0.585233
985,0.72988844
986,0.57365096
987,0.5431472
988,0.62280655
989,0.40693912
990,0.5559908
991,0.5054331
992,0.5028292
993,0.61602795
994,0.92162645
995,0.64401054
996,0.5877659
997,0.18007104
998,0.22827321
999,0.52501595
1000,0.13778476
1001,0.5999057
1002,0.4349318
1003,0.29631755
1004,0.45706755
1005,0.37238115
1006,0.6044484
1007,0.5999057
1008,0.47379613
1009,0.72304296
1010,0.5790327
1011,0.4885453
1012,0.27336425
1013,0.73366296
1014,0.49569333
1015,0.14116812
1016,0.64583683
1017,0.37871838
1018,0.7476352
1019,0.45291528
1020,0.41919255
1021,0.6375136
1022,0.5182082
1023,0.26111993
1024,0.38976797
1025,0.42255664
1026,0.5559908
1027,0.288741
1028,0.51410943
1029,0.42261225
1030,0.2501095
1031,0.40638825
1032,0.87890005
1033,0.3104172
1034,0.36464232
1035,0.36443752
1036,0.5176488
1037,0.1652451
1038,0.64992326
1039,0.2639572
1040,0.5109499
1041,0.53697324
1042,0.55006146
1043,0.7417403
1044,0.6451059
1045,0.6593111
1046,0.6492579
1047,0.58130693
1048,0.5192047
1049,0.76480114
1050,0.5186838
1051,0.5988554
1052,0.6265157
1053,0.3757868
1054,0.613567
1055,0.17587197
1056,0.5506875
1057,0.56281984
1058,0.47253805
1059,0.38158038
1060,0.6016713
1061,0.5559908
1062,0.29789343
1063,0.34549546
1064,0.67822117
1065,0.19127904
1066,0.62280655
1067,0.3318176
1068,0.847156
1069,0.6569004
1070,0.5979414
1071,0.37091258
1072,0.48840767
1073,0.5570821
1074,0.66986793
1075,0.38949198
1076,0.2090663
1077,0.45146334
1078,0.6695469
1079,0.45554584
1080,0.8720857
1081,0.8658046
1082,0.7587765
1083,0.3114395
1084,0.8727881
1085,0.42036217
1086,0.14163037
1087,0.3769112
1088,0.43526644
1089,0.6202309
1090,0.39812642
1091,0.19201592
1092,0.37904572
1093,0.5215272
1094,0.17855975
1095,0.45348042
1096,0.25203362
1097,0.74598724
1098,0.59438527
1099,0.45340365
1100,0.4148676
1101,0.5900371
1102,0.38006392
1103,0.12197288
1104,0.38695434
1105,0.5337041
1106,0.77599394
1107,0.63554597
1108,0.60424113
1109,0.30808336
1110,0.3210903
1111,0.37239325
1112,0.8017686
1113,0.5559908
1114,0.31901148
1115,0.406676
1116,0.3838001
1117,0.88633627
1118,0.44316027
1119,0.7628509
1120,0.34357905
1121,0.44236106
1122,0.22827321
1123,0.43431324
1124,0.63136786
1125,0.5767022
1126,0.618732
1127,0.40212625
1128,0.5908372
1129,0.54179674
1130,0.1229749
1131,0.652299
1132,0.35783297
1133,0.3167992
1134,0.5207749
1135,0.42255664
1136,0.36070663
1137,0.46737087
1138,0.37703437
1139,0.5165061
1140,0.7016069
1141,0.31839487
1142,0.5801727
1143,0.375744
1144,0.634849
1145,0.56145483
1146,0.6937208
1147,0.47459096
1148,0.13778476
1149,0.76433074
1150,0.63288915
1151,0.46960506
1152,0.5892156
1153,0.36946785
1154,0.49336454
1155,0.18007104
1156,0.44550723
1157,0.50322413
1158,0.50240445
1159,0.81372863
1160,0.56668925
1161,0.50970477
1162,0.40542585
1163,0.415632
1164,0.53024596
1165,0.3757868
1166,0.6375136
1167,0.336716
1168,0.48296624
1169,0.7672257
1170,0.5337041
1171,0.46016422
1172,0.2594371
1173,0.5592574
1174,0.4177567
1175,0.34173164
1176,0.47475106
1177,0.6312899
1178,0.4329554
1179,0.52364
1180,0.32894087
1181,0.8510611
1182,0.28083754
1183,0.48890167
1184,0.3682807
1185,0.32102305
1186,0.44753665
1187,0.4660555
1188,0.44643366
1189,0.43255678
1190,0.48454428
1191,0.59220386
1192,0.25203362
1193,0.40285084
1194,0.66999114
1195,0.84071046
1196,0.36560264
1197,0.71216315
1198,0.73510575
1199,0.7806925
1200,0.30009687
1201,0.61093724
1202,0.31051934
1203,0.27935523
1204,0.56070656
1205,0.29357016
1206,0.69315046
1207,0.5165061
1208,0.31051934
1209,0.42025352
1210,0.49700597
1211,0.4197052
1212,0.41337022
1213,0.5325752
1214,0.50012696
1215,0.6594836
1216,0.49700597
1217,0.5432101
1218,0.7598031
1219,0.33541107
1220,0.6046787
1221,0.14347407
1222,0.618732
1223,0.5761155
1224,0.33648273
1225,0.34731644
1226,0.43294737
1227,0.55527735
1228,0.23446411
1229,0.18152764
1230,0.587896
1231,0.2639572
1232,0.17926171
1233,0.40069935
1234,0.45454964
1235,0.54580796
1236,0.23781016
1237,0.46238536
1238,0.5850054
1239,0.5743062
1240,0.18683685
1241,0.9391908
1242,0.58615047
1243,0.8492798
1244,0.6545489
1245,0.5396672
1246,0.11921412
1247,0.29214165
1248,0.35711512
1249,0.28656033
1250,0.27673838
1251,0.17587197
1252,0.4701267
1253,0.51967055
1254,0.42749152
1255,0.28053728
1256,0.6395643
1257,0.5739817
1258,0.67564756
1259,0.7483492
1260,0.6479578
1261,0.7579181
1262,0.7288737
1263,0.56844205
1264,0.50222415
1265,0.3116232
1266,0.3552575
1267,0.59299576
1268,0.4924692
1269,0.33081546
1270,0.5626264
1271,0.14977537
1272,0.7806328
1273,0.5163925
1274,0.4331046
1275,0.3344794
1276,0.9017099
1277,0.23404944
1278,0.52441746
1279,0.6257118
1280,0.5783914
1281,0.20318492
1282,0.5796439
1283,0.5470577
1284,0.25691155
1285,0.8398071
1286,0.55690086
1287,0.77963763
1288,0.28220683
1289,0.5906622
1290,0.67777807
1291,0.58138573
1292,0.7191358
1293,0.3905058
1294,0.3702602
1295,0.61414045
1296,0.5771828
1297,0.8383351
1298,0.5083611
1299,0.45491287
1300,0.60483414
1301,0.3262944
1302,0.72987
1303,0.58130693
1304,0.44900414
1305,0.92148995
1306,0.30122223
1307,0.6019696
1308,0.14116812
1309,0.3729253
1310,0.51596147
1311,0.8369018
1312,0.4912616
1313,0.6139905
1314,0.4690505
1315,0.20779265
1316,0.66392595
1317,0.6188085
1318,0.51299834
1319,0.14116812
1320,0.28017363
1321,0.36280704
1322,0.6593293
1323,0.75286293
1324,0.8854926
1325,0.8819184
1326,0.8451171
1327,0.4867973
1328,0.3583928
1329,0.3714692
1330,0.5061009
1331,0.7522133
1332,0.53079426
1333,0.36800295
1334,0.8797002
1335,0.5735183
1336,0.16581935
1337,0.6261962
1338,0.53942686
1339,0.44168422
1340,0.63459355
1341,0.30605882
1342,0.57107425
1343,0.65554225
1344,0.11921412
1345,0.16561997
1346,0.5251789
1347,0.9349274
1348,0.3308838
1349,0.6152343
1350,0.855708
1351,0.62922674
1352,0.5674321
1353,0.5915572
1354,0.46356806
1355,0.3091652
1356,0.3757868
1357,0.71689326
1358,0.37042174
1359,0.48083788
1360,0.6989521
1361,0.22478975
1362,0.61090267
1363,0.67791694
1364,0.4542607
1365,0.38209823
1366,0.55019945
1367,0.61983424
1368,0.40239564
1369,0.7696999
1370,0.22661184
1371,0.3333739
1372,0.21891063
1373,0.72314644
1374,0.67899096
1375,0.38969272
1376,0.7938671
1377,0.2556457
1378,0.5901627
1379,0.33081546
1380,0.5801727
1381,0.34883043
1382,0.3395172
1383,0.37135077
1384,0.23820667
1385,0.3386083
1386,0.60350955
1387,0.57212555
1388,0.39769167
1389,0.40607217
1390,0.31839377
1391,0.7188617
1392,0.4912616
1393,0.20327778
1394,0.61791766
1395,0.526967
1396,0.46659887
1397,0.5269742
1398,0.5083611
1399,0.44226098
1400,0.3607617
1401,0.6939609
1402,0.5888418
1403,0.44868416
1404,0.7330619
1405,0.43882635
1406,0.3698583
1407,0.19013952
1408,0.35535994
1409,0.16222185
1410,0.632932
1411,0.5069599
1412,0.6247388
1413,0.5447071
1414,0.47394615
1415,0.6313323
1416,0.59703916
1417,0.2239941
1418,0.3284297
1419,0.6344549
1420,0.42466027
1421,0.9125975
1422,0.5016521
1423,0.5228815
1424,0.38389292
1425,0.77322215
1426,0.6741207
1427,0.68998325
1428,0.19480583
1429,0.5166479
1430,0.5283152
1431,0.6002562
1432,0.3386774
1433,0.12021002
1434,0.6354859
1435,0.59920955
1436,0.6016713
1437,0.4192443
1438,0.617464
1439,0.5537631
1440,0.72987
1441,0.33561122
1442,0.6836291
1443,0.20818207
1444,0.6884254
1445,0.4660555
1446,0.3216394
1447,0.45782304
1448,0.569177
1449,0.1690759
1450,0.41012278
1451,0.5558507
1452,0.20101129
1453,0.61221015
1454,0.53497
1455,0.60051817
1456,0.4594123
1457,0.47491404
1458,0.7835521
1459,0.82697046
1460,0.43376243
1461,0.5639877
1462,0.40530103
1463,0.28220683
1464,0.5596043
1465,0.32486454
1466,0.5241064
1467,0.9289497
1468,0.22743408
1469,0.54289854
1470,0.34758413
1471,0.44267136
1472,0.822134
1473,0.23175928
1474,0.48846787
1475,0.7092219
1476,0.46992445
1477,0.3242059
1478,0.7969756
1479,0.23219739
1480,0.3210903
1481,0.26172203
1482,0.35640603
1483,0.31051934
1484,0.47438505
1485,0.5549864
1486,0.45491287
1487,0.8090272
1488,0.5581881
1489,0.4472827
1490,0.8495264
1491,0.8325915
1492,0.5196005
1493,0.4912616
1494,0.6500608
1495,0.6299495
1496,0.57984793
1497,0.40217546
1498,0.49982047
1499,0.8849055
1500,0.3757868
1501,0.7049726
1502,0.6523064
1503,0.15848193
1504,0.32190934
1505,0.39800143
1506,0.37976295
1507,0.22179167
1508,0.59170675
1509,0.64693636
1510,0.7202393
1511,0.63696444
1512,0.52797735
1513,0.48234662
1514,0.4197052
1515,0.5014559
1516,0.4039065
1517,0.38351533
1518,0.6016713
1519,0.59648854
1520,0.9137718
1521,0.47475106
1522,0.3960182
1523,0.6248336
1524,0.35294935
1525,0.5632152
1526,0.5688171
1527,0.5337041
1528,0.3490028
1529,0.66392595
1530,0.3333726
1531,0.5659416
1532,0.33081546
1533,0.50240445
1534,0.19076811
1535,0.7894424
1536,0.2672489
1537,0.38296127
1538,0.22784808
1539,0.16079544
1540,0.8963823
1541,0.5233972
1542,0.48268512
1543,0.67010283
1544,0.38597143
1545,0.8765931
1546,0.3842519
1547,0.7568201
1548,0.8223948
1549,0.38512424
1550,0.6275565
1551,0.51994413
1552,0.48890167
1553,0.20779265
1554,0.8752998
1555,0.71785057
1556,0.67398363
1557,0.34645763
1558,0.59834605
1559,0.79672676
1560,0.20779265
1561,0.36351743
1562,0.17587197
1563,0.3395172
1564,0.82678807
1565,0.41416773
1566,0.37904572
1567,0.38707054
1568,0.49982047
1569,0.7656753
1570,0.3607617
1571,0.34612998
1572,0.53724694
1573,0.6265157
1574,0.32632363
1575,0.6921505
1576,0.22368199
1577,0.39383954
1578,0.7363338
1579,0.61485535
1580,0.31879893
1581,0.36561027
1582,0.4016078
1583,0.56939703
1584,0.462937
1585,0.370862
1586,0.8372088
1587,0.4151686
1588,0.44731727
1589,0.32499987
1590,0.42013994
1591,0.6079533
1592,0.5189377
1593,0.50071836
1594,0.31048325
1595,0.4417655
1596,0.54187876
1597,0.7532369
1598,0.74494344
1599,0.6367899
1600,0.8471613
1601,0.21165596
1602,0.7209494
1603,0.3780467
1604,0.5783914
1605,0.87652
1606,0.31462654
1607,0.36219272
1608,0.48103815
1609,0.4294127
1610,0.34786746
1611,0.60051817
1612,0.46297476
1613,0.33165047
1614,0.5459361
1615,0.45494366
1616,0.67368317
1617,0.72210294
1618,0.4912616
1619,0.6793453
1620,0.62822396
1621,0.56484467
1622,0.2983187
1623,0.7813054
1624,0.18499179
1625,0.46297476
1626,0.60742575
1627,0.6043309
1628,0.8494902
1629,0.580713
1630,0.7105547
1631,0.5704219
1632,0.5033052
1633,0.66870105
1634,0.62644386
1635,0.16561997
1636,0.3117317
1637,0.18683685
1638,0.55358535
1639,0.56281984
1640,0.23219739
1641,0.28699765
1642,0.8548398
1643,0.5345312
1644,0.14116812
1645,0.5923115
1646,0.44799933
1647,0.40580082
1648,0.5471747
1649,0.2551937
1650,0.7541859
1651,0.40528843
1652,0.70288783
1653,0.53079426
1654,0.8646655
1655,0.14163037
1656,0.32476383
1657,0.20788816
1658,0.53724694
1659,0.15917525
1660,0.67106336
1661,0.5166972
1662,0.8315814
1663,0.5415609
1664,0.34432188
1665,0.2239656
1666,0.72592294
1667,0.88162786
1668,0.50437284
1669,0.65295327
1670,0.43564293
1671,0.3571444
1672,0.5055756
1673,0.16579328
1674,0.57543635
1675,0.5321287
1676,0.392196
1677,0.5892815
1678,0.34612998
1679,0.53942686
1680,0.82853794
1681,0.3333726
1682,0.51304567
1683,0.14082871
1684,0.9114705
1685,0.33515158
1686,0.5797904
1687,0.16643871
1688,0.52518106
1689,0.4490627
1690,0.11573354
1691,0.76014584
1692,0.9017099
1693,0.6687503
1694,0.5297131
1695,0.7580983
1696,0.34624606
1697,0.38943428
1698,0.33270267
1699,0.3188557
1700,0.40050304
1701,0.32904622
1702,0.70288783
1703,0.4103687
1704,0.6939385
1705,0.19427747
1706,0.13893029
1707,0.882928
1708,0.18250743
1709,0.58539593
1710,0.4743164
1711,0.32232618
1712,0.16222185
1713,0.4819757
1714,0.5764804
1715,0.6695469
1716,0.7268433
1717,0.5549449
1718,0.7248665
1719,0.2265417
1720,0.5535146
1721,0.8745579
1722,0.41565624
1723,0.5549893
1724,0.19127904
1725,0.34519294
1726,0.37976295
1727,0.18683685
1728,0.8946047
1729,0.56003547
1730,0.5576437
1731,0.40975514
1732,0.18250743
1733,0.35790253
1734,0.82710934
1735,0.42013994
1736,0.37738326
1737,0.5254755
1738,0.400993
1739,0.34645763
1740,0.6682795
1741,0.27025467
1742,0.36070663
1743,0.43526644
1744,0.5659713
1745,0.5276277
1746,0.7847235
1747,0.7248665
1748,0.8182853
1749,0.40217158
1750,0.5965214
1751,0.20303705
1752,0.19307226
1753,0.8696128
1754,0.42498362
1755,0.5274748
1756,0.5119725
1757,0.5657468
1758,0.59462106
1759,0.5988011
1760,0.35239482
1761,0.8636812
1762,0.58076435
1763,0.9037634
1764,0.78787327
1765,0.41356897
1766,0.5108988
1767,0.408781
1768,0.537389
1769,0.58986324
1770,0.4320845
1771,0.32102305
1772,0.5286345
1773,0.57468337
1774,0.14163037
1775,0.4079383
1776,0.90417653
1777,0.27283993
1778,0.8843862
1779,0.5616565
1780,0.5728066
1781,0.6202021
1782,0.54180753
1783,0.42342973
1784,0.51639444
1785,0.5017831
1786,0.39812642
1787,0.6410961
1788,0.5423552
1789,0.49982047
1790,0.2742813
1791,0.43110108
1792,0.54637736
1793,0.48889074
1794,0.5166479
1795,0.43820605
1796,0.6532437
1797,0.36059004
1798,0.6643803
1799,0.61090267
1800,0.5854225
1801,0.75544184
1802,0.8843862
1803,0.9122148
1804,0.5279306
1805,0.57984793
1806,0.21043126
1807,0.7104106
1808,0.32904622
1809,0.36290592
1810,0.41337022
1811,0.3757868
1812,0.88302845
1813,0.33561122
1814,0.40285084
1815,0.49530053
1816,0.54422325
1817,0.53717244
1818,0.6867747
1819,0.5119017
1820,0.8796032
1821,0.4582155
1822,0.9316272
1823,0.4141131
1824,0.67204773
1825,0.14163037
1826,0.3365112
1827,0.3116232
1828,0.35414317
1829,0.25241575
1830,0.61492646
1831,0.32225558
1832,0.56939703
1833,0.49886563
1834,0.5581881
1835,0.5371037
1836,0.76433074
1837,0.70288783
1838,0.5194802
1839,0.57543635
1840,0.5559908
1841,0.6254668
1842,0.467425
1843,0.8084284
1844,0.2920778
1845,0.58922875
1846,0.5569659
1847,0.58076435
1848,0.2966099
1849,0.44772798
1850,0.74666715
1851,0.5547384
1852,0.42157605
1853,0.43084282
1854,0.9289497
1855,0.53651345
1856,0.53724694
1857,0.50012696
1858,0.75496304
1859,0.31403196
1860,0.79528326
1861,0.31090513
1862,0.43487445
1863,0.33178437
1864,0.48384732
1865,0.49646744
1866,0.5309296
1867,0.31342423
1868,0.5441112
1869,0.652299
1870,0.8178384
1871,0.5302178
1872,0.4708392
1873,0.3987791
1874,0.46530494
1875,0.90582997
1876,0.34414044
1877,0.49466932
1878,0.2308698
1879,0.82678807
1880,0.6441549
1881,0.3838001
1882,0.66541696
1883,0.448352
1884,0.41261303
1885,0.65163165
1886,0.47332007
1887,0.6682795
1888,0.36443567
1889,0.24616495
1890,0.4912616
1891,0.40815502
1892,0.6156824
1893,0.5252057
1894,0.43497953
1895,0.7114277
1896,0.61421067
1897,0.25241575
1898,0.5098663
1899,0.88305116
1900,0.50240445
1901,0.79181176
1902,0.26861963
1903,0.5696319
1904,0.34951812
1905,0.76845926
1906,0.5864128
1907,0.81831074
1908,0.52711403
1909,0.6153712
1910,0.254802
1911,0.25870603
1912,0.30206433
1913,0.44391018
1914,0.4494362
1915,0.6687499
1916,0.18543537
1917,0.3805209
1918,0.28443894
1919,0.5616565
1920,0.5751331
1921,0.36344603
1922,0.37587416
1923,0.39383098
1924,0.719749
1925,0.32877523
1926,0.4317367
1927,0.3563487
1928,0.11733007
1929,0.2639572
1930,0.455772
1931,0.60403764
1932,0.43819404
1933,0.40305817
1934,0.20779265
1935,0.21891063
1936,0.5564646
1937,0.5888418
1938,0.35487172
1939,0.55581295
1940,0.634757
1941,0.31363824
1942,0.20345116
1943,0.7350079
1944,0.49982047
1945,0.57879496
1946,0.8802562
1947,0.20425518
1948,0.5450114
1949,0.2639572
1950,0.38737145
1951,0.3114395
1952,0.49300152
1953,0.8012254
1954,0.5999057
1955,0.35207477
1956,0.44601694
1957,0.6067595
1958,0.36290592
1959,0.65532
1960,0.65322834
1961,0.51561576
1962,0.29693237
1963,0.3395178
1964,0.4938212
1965,0.33081546
1966,0.5948025
1967,0.36051887
1968,0.55775577
1969,0.78529656
1970,0.75406337
1971,0.4943702
1972,0.18250743
1973,0.23219739
1974,0.5449807
1975,0.4920045
1976,0.5616565
1977,0.4663501
1978,0.53877944
1979,0.16561997
1980,0.4913974
1981,0.49569333
1982,0.47466478
1983,0.16222185
1984,0.5802268
1985,0.41474158
1986,0.23929566
1987,0.4517997
1988,0.26168382
1989,0.81762916
1990,0.3210903
1991,0.37872812
1992,0.5055756
1993,0.5808399
1994,0.8600569
1995,0.42917138
1996,0.40783754
1997,0.20318492
1998,0.5586413
1999,0.39857367
2000,0.43327734
2001,0.23646998
2002,0.6928351
2003,0.3974355
2004,0.23219739
2005,0.547578
2006,0.5071781
2007,0.7631251
2008,0.5666865
2009,0.35690948
2010,0.73756677
2011,0.5378297
2012,0.44715443
2013,0.33941266
2014,0.92417264
2015,0.68691313
2016,0.63347703
2017,0.6989521
2018,0.6632335
2019,0.39731297
2020,0.50720066
2021,0.3428051
2022,0.31776157
2023,0.31856102
2024,0.60120046
2025,0.58130693
2026,0.20128699
2027,0.49287602
2028,0.40737554
2029,0.31048325
2030,0.45604655
2031,0.5783914
2032,0.62280655
2033,0.43841445
2034,0.7094416
2035,0.41261303
2036,0.56939703
2037,0.40540296
2038,0.632164
2039,0.1901657
2040,0.15848193
2041,0.35690948
2042,0.70404035
2043,0.26622924
2044,0.54524624
2045,0.56145483
2046,0.3112029
2047,0.64489055
2048,0.61464554
2049,0.21541224
2050,0.35695142
2051,0.6402913
2052,0.6869853
2053,0.16984291
2054,0.22576375
2055,0.2639572
2056,0.28017363
2057,0.30605882
2058,0.3005531
2059,0.41235244
2060,0.60157615
2061,0.2742813
2062,0.39668602
2063,0.3183892
2064,0.5175482
2065,0.38564393
2066,0.38708454
2067,0.26231295
2068,0.4808324
2069,0.40058738
2070,0.60622877
2071,0.21772952
2072,0.5323364
2073,0.28494367
2074,0.370858
2075,0.36464232
2076,0.54580796
2077,0.7918394
2078,0.36561027
2079,0.3373765
2080,0.34723145
2081,0.49461716
2082,0.58448154
2083,0.7066537
2084,0.5325752
2085,0.32561484
2086,0.66325146
2087,0.48289
2088,0.7797799
2089,0.6194984
2090,0.6895749
2091,0.7576585
2092,0.5382619
2093,0.50860196
2094,0.58104086
2095,0.22478975
2096,0.69562024
2097,0.76306295
2098,0.61414045
2099,0.35117528
2100,0.6344313
2101,0.20318492
2102,0.5751446
2103,0.59618986
2104,0.63238174
2105,0.83542204
2106,0.19201592
2107,0.16966806
2108,0.5340546
2109,0.5964751
2110,0.49466932
2111,0.6992638
2112,0.73455733
2113,0.63081855
2114,0.49892485
2115,0.9392108
2116,0.53079426
2117,0.6404571
2118,0.22690831
2119,0.6845132
2120,0.67773974
2121,0.51145834
2122,0.5168211
2123,0.4904787
2124,0.16991156
2125,0.12021002
2126,0.32916835
2127,0.25826058
2128,0.5465468
2129,0.6603604
2130,0.5129891
2131,0.7034801
2132,0.6479506
2133,0.31989193
2134,0.8270081
2135,0.4930313
2136,0.14977537
2137,0.48717195
2138,0.72196174
2139,0.73599494
2140,0.5724242
2141,0.6495219
2142,0.45872676
2143,0.34681198
2144,0.32040083
2145,0.13069732
2146,0.33081546
2147,0.3551749
2148,0.76099384
2149,0.60990727
2150,0.53560185
2151,0.5632119
2152,0.14977537
2153,0.63666743
2154,0.36086926
2155,0.7842536
2156,0.7036579
2157,0.3286827
2158,0.51299834
2159,0.7554645
2160,0.81927603
2161,0.75406337
2162,0.39800143
2163,0.5771618
2164,0.44906357
2165,0.45491287
2166,0.75327766
2167,0.26709998
2168,0.526021
2169,0.20767303
2170,0.54180753
2171,0.47003135
2172,0.23624358
2173,0.32818198
2174,0.40386298
2175,0.51229924
2176,0.4660555
2177,0.57212555
2178,0.46033144
2179,0.34637982
2180,0.33288857
2181,0.3915965
2182,0.59092224
2183,0.41941455
2184,0.2639572
2185,0.61221015
2186,0.70164704
2187,0.4912616
2188,0.54180753
2189,0.6084646
2190,0.5312677
2191,0.39939156
2192,0.50390095
2193,0.7365783
2194,0.7035475
2195,0.45829943
2196,0.9187385
2197,0.59076995
2198,0.28757447
2199,0.51879567
2200,0.6188131
2201,0.5988011
2202,0.5450804
2203,0.5370535
2204,0.40627766
2205,0.49263203
2206,0.4137377
2207,0.26474097
2208,0.25759467
2209,0.6242415
2210,0.43439996
2211,0.578282
2212,0.26474097
2213,0.22395149
2214,0.47459096
2215,0.6569361
2216,0.3607617
2217,0.39836892
2218,0.30897108
2219,0.8736601
2220,0.4819757
2221,0.53942686
2222,0.79101586
2223,0.47774926
2224,0.63886154
2225,0.58076435
2226,0.77548647
2227,0.14116812
2228,0.2496493
2229,0.35919848
2230,0.31011227
2231,0.41559693
2232,0.6762612
2233,0.5694142
2234,0.14116812
2235,0.39723694
2236,0.7948281
2237,0.33410457
2238,0.83458954
2239,0.4783852
2240,0.5071606
2241,0.7904749
2242,0.36466908
2243,0.4993653
2244,0.6101127
2245,0.4177796
2246,0.43817294
2247,0.2744105
2248,0.7393455
2249,0.6151179
2250,0.9100486
2251,0.66048527
2252,0.3104172
2253,0.14163037
2254,0.50657153
2255,0.5012655
2256,0.5165061
2257,0.5104391
2258,0.48481566
2259,0.5904797
2260,0.39800143
2261,0.4048249
2262,0.20779265
2263,0.255454
2264,0.16033804
2265,0.5133984
2266,0.71300036
2267,0.52124685
2268,0.58615047
2269,0.38976797
2270,0.15066552
2271,0.11921412
2272,0.7265557
2273,0.32376602
2274,0.14116812
2275,0.42691356
2276,0.68837804
2277,0.28881818
2278,0.42013994
2279,0.42854294
2280,0.23597717
2281,0.62644386
2282,0.26111993
2283,0.8685821
2284,0.36086926
2285,0.6300526
2286,0.632164
2287,0.59464043
2288,0.860991
2289,0.5395332
2290,0.43292123
2291,0.40083158
2292,0.84971213
2293,0.4196199
2294,0.545758
2295,0.58076435
2296,0.33735356
2297,0.40770307
2298,0.8459116
2299,0.22420396
2300,0.4963838
2301,0.24303272
2302,0.35129595
2303,0.47455376
2304,0.4371306
2305,0.5920561
2306,0.5891411
2307,0.3524065
2308,0.36220655
2309,0.514561
2310,0.6509432
2311,0.65657574
2312,0.24616495
2313,0.30219683
2314,0.4973213
2315,0.20767303
2316,0.21891063
2317,0.52575445
2318,0.6202309
2319,0.3244051
2320,0.3210903
2321,0.3386083
2322,0.3732022
2323,0.36376902
2324,0.2503922
2325,0.41940558
2326,0.1239315
2327,0.9017099
2328,0.7085754
2329,0.49700597
2330,0.7925407
2331,0.69740427
2332,0.2585807
2333,0.66392595
2334,0.6140801
2335,0.48765352
2336,0.3940202
2337,0.5985093
2338,0.5876974
2339,0.38257843
2340,0.60070205
2341,0.84814125
2342,0.5095105
2343,0.54187876
2344,0.30889964
2345,0.18499179
2346,0.47948724
2347,0.2685494
2348,0.36430532
2349,0.6420968
2350,0.28553018
2351,0.37209794
2352,0.6489865
2353,0.6682795
2354,0.521595
2355,0.5304676
2356,0.36389068
2357,0.5404671
2358,0.16222185
2359,0.6242415
2360,0.33573335
2361,0.34447497
2362,0.95679486
2363,0.62280655
2364,0.6923524
2365,0.33081546
2366,0.78096867
2367,0.5948025
2368,0.33770478
2369,0.34297362
2370,0.42346817
2371,0.5433913
2372,0.48475257
2373,0.5119725
2374,0.63013625
2375,0.62890154
2376,0.53651345
2377,0.5077145
2378,0.5011197
2379,0.7310681
2380,0.43526798
2381,0.3557076
2382,0.8053219
2383,0.3150509
2384,0.30009583
2385,0.5558443
2386,0.54516417
2387,0.61090267
2388,0.49392286
2389,0.5553523
2390,0.51853204
2391,0.27520856
2392,0.47213683
2393,0.2239941
2394,0.23219739
2395,0.54181683
2396,0.268134
2397,0.4901775
2398,0.6753332
2399,0.27534127
2400,0.17115518
2401,0.5558507
2402,0.5247823
2403,0.5460534
2404,0.62663317
2405,0.29177892
2406,0.62426937
2407,0.67186266
2408,0.5151812
2409,0.2639572
2410,0.4990998
2411,0.68967736
2412,0.3259777
2413,0.6105781
2414,0.53711486
2415,0.20779265
2416,0.55490553
2417,0.5083611
2418,0.4489273
2419,0.45162708
2420,0.26111993
2421,0.6565226
2422,0.94186026
2423,0.46136487
2424,0.33709386
2425,0.3114395
2426,0.30544963
2427,0.43692505
2428,0.6325071
2429,0.4079444
2430,0.370858
2431,0.28872067
2432,0.26622924
2433,0.46960917
2434,0.49973992
2435,0.37703437
2436,0.46366635
2437,0.37610376
2438,0.7040975
2439,0.8409943
2440,0.5490623
2441,0.36857858
2442,0.61458373
2443,0.7740402
2444,0.46775782
2445,0.38695434
2446,0.24219932
2447,0.5223843
2448,0.83300644
2449,0.46548998
2450,0.36615053
2451,0.66956025
2452,0.26622924
2453,0.5220023
2454,0.42025352
2455,0.16648147
2456,0.19590443
2457,0.54136777
2458,0.23348688
2459,0.25241575
2460,0.5558507
2461,0.57264423
2462,0.3323686
2463,0.24694532
2464,0.19725148
2465,0.44110367
2466,0.49000263
2467,0.6194984
2468,0.35250917
2469,0.2929831
2470,0.1662212
2471,0.42753363
2472,0.4216294
2473,0.807388
2474,0.82225573
2475,0.35716242
2476,0.53798103
2477,0.943327
2478,0.38504705
2479,0.54187876
2480,0.31338915
2481,0.38969272
2482,0.16579328
2483,0.32373464
2484,0.5559908
2485,0.7479337
2486,0.54180753
2487,0.46914095
2488,0.5412657
2489,0.67947817
2490,0.508149
2491,0.36561027
2492,0.8107035
2493,0.23303835
2494,0.23219739
2495,0.288741
2496,0.41238812
2497,0.53724694
2498,0.61278373
2499,0.7398848
2500,0.68435484
2501,0.75084466
2502,0.57940066
2503,0.48476264
2504,0.19127904
2505,0.328005
2506,0.6023788
2507,0.37871838
2508,0.59703916
2509,0.33941266
2510,0.25203362
2511,0.2639572
2512,0.40420926
2513,0.3104172
2514,0.28443894
2515,0.47716293
2516,0.66392595
2517,0.58154756
2518,0.2639572
2519,0.5850264
2520,0.6717835
2521,0.6816582
2522,0.24348843
2523,0.3087275
2524,0.6720462
2525,0.26447567
2526,0.3922228
2527,0.92299503
2528,0.30538988
2529,0.53724694
2530,0.27745456
2531,0.8697366
2532,0.63347703
2533,0.7014541
2534,0.4912616
2535,0.5885075
2536,0.4926834
2537,0.8167126
2538,0.35532984
2539,0.5001044
2540,0.29171515
2541,0.5166972
2542,0.27896607
2543,0.51152843
2544,0.13852575
2545,0.7397526
2546,0.6813474
2547,0.37548333
2548,0.5011875
2549,0.35908654
2550,0.6324676
2551,0.24616495
2552,0.66392595
2553,0.43953836
2554,0.95016986
2555,0.31175163
2556,0.45146334
2557,0.48946854
2558,0.767412
2559,0.20779265
2560,0.7954994
2561,0.33147135
2562,0.5596248
2563,0.50601554
2564,0.32102305
2565,0.78244597
2566,0.30122223
2567,0.42102957
2568,0.16561997
2569,0.9183578
2570,0.6724339
2571,0.19562113
2572,0.38689986
2573,0.5824582
2574,0.45224375
2575,0.39117634
2576,0.45395938
2577,0.64259034
2578,0.8506482
2579,0.6988786
2580,0.5957551
2581,0.74783283
2582,0.53363
2583,0.47459096
2584,0.5197421
2585,0.38586658
2586,0.29627496
2587,0.37690675
2588,0.48246536
2589,0.29998946
2590,0.3333726
2591,0.5632152
2592,0.31979665
2593,0.5264363
2594,0.54187876
2595,0.8354597
2596,0.25706577
2597,0.50240445
2598,0.8908689
2599,0.58615047
2600,0.91473424
2601,0.8149599
2602,0.20318492
2603,0.23219739
2604,0.36991733
2605,0.6908673
2606,0.6089278
2607,0.54180753
2608,0.647653
2609,0.54187876
2610,0.65005624
2611,0.2721403
2612,0.5801727
2613,0.32524633
2614,0.3395172
2615,0.5752343
2616,0.80111223
2617,0.31051934
2618,0.57264423
2619,0.6477405
2620,0.42986226
2621,0.33458564
2622,0.63136786
2623,0.26111993
2624,0.42020416
2625,0.197355
2626,0.3333726
2627,0.8137172
2628,0.5364449
2629,0.7166216
2630,0.5851974
2631,0.5857921
2632,0.82876265
2633,0.36464232
2634,0.5570821
2635,0.33092353
2636,0.29683277
2637,0.762544
2638,0.80436635
2639,0.8510611
2640,0.16222185
2641,0.18683685
2642,0.2807979
2643,0.45753977
2644,0.7358083
2645,0.23219739
2646,0.38659224
2647,0.32229358
2648,0.5980369
2649,0.43536028
2650,0.76916647
2651,0.34371692
2652,0.7983129
2653,0.54256314
2654,0.43453452
2655,0.62189645
2656,0.21891063
2657,0.5988011
2658,0.62280655
2659,0.34411335
2660,0.13393761
2661,0.58712924
2662,0.5422169
2663,0.42416814
2664,0.14812206
2665,0.47394615
2666,0.65052557
2667,0.47480145
2668,0.38037336
2669,0.4708392
2670,0.6188131
2671,0.55537754
2672,0.5371647
2673,0.85859203
2674,0.33816874
2675,0.68998325
2676,0.5215428
2677,0.24048069
2678,0.17489466
2679,0.6492579
2680,0.5325752
2681,0.46914095
2682,0.6890291
2683,0.3386083
2684,0.52455896
2685,0.6627593
2686,0.4001935
2687,0.53563994
2688,0.3095887
2689,0.43173963
2690,0.32102305
2691,0.28220683
2692,0.8131044
2693,0.36099103
2694,0.28017363
2695,0.26236567
2696,0.26111993
2697,0.7639311
2698,0.4196199
2699,0.3104172
2700,0.7386765
2701,0.47253805
2702,0.41190103
2703,0.61742294
2704,0.4590067
2705,0.38588998
2706,0.4130591
2707,0.5582536
2708,0.51100737
2709,0.22389822
2710,0.60549873
2711,0.66040695
2712,0.39938274
2713,0.58746535
2714,0.47818184
2715,0.6473228
2716,0.92353725
2717,0.2128581
2718,0.62914526
2719,0.62578845
2720,0.39641237
2721,0.57235175
2722,0.2639572
2723,0.19063322
2724,0.3540411
2725,0.6789424
2726,0.5623114
2727,0.31462654
2728,0.4321164
2729,0.7796149
2730,0.50347096
2731,0.55380046
2732,0.45051795
2733,0.49585974
2734,0.375744
2735,0.7596248
2736,0.5840564
2737,0.31416908
2738,0.61518437
2739,0.67448854
2740,0.31048325
2741,0.60430926
2742,0.56841934
2743,0.6194984
2744,0.35537636
2745,0.6384825
2746,0.37871838
2747,0.32958934
2748,0.5276277
2749,0.90705323
2750,0.6622254
2751,0.6043309
2752,0.47761074
2753,0.4279303
2754,0.40309727
2755,0.73366296
2756,0.29899514
2757,0.47459096
2758,0.3114395
2759,0.37956995
2760,0.52742875
2761,0.20779265
2762,0.53858924
2763,0.8243554
2764,0.4803245
2765,0.8201012
2766,0.5581881
2767,0.677315
2768,0.3071408
2769,0.18499179
2770,0.81462437
2771,0.33147135
2772,0.47886643
2773,0.36506668
2774,0.67056954
2775,0.28502145
2776,0.41565114
2777,0.6491928
2778,0.2639572
2779,0.7962532
2780,0.20249766
2781,0.5248802
2782,0.8203953
2783,0.80975974
2784,0.5747739
2785,0.8835996
2786,0.6249004
2787,0.48860267
2788,0.37289435
2789,0.45832214
2790,0.53301144
2791,0.6275312
2792,0.34786746
2793,0.6072924
2794,0.61944234
2795,0.77190226
2796,0.49090993
2797,0.2219681
2798,0.13893029
2799,0.5677353
2800,0.4353266
2801,0.7877493
2802,0.51639444
2803,0.8194121
2804,0.14163037
2805,0.3055859
2806,0.2639572
2807,0.78036124
2808,0.47212726
2809,0.5083611
2810,0.5506875
2811,0.14116812
2812,0.6534033
2813,0.87126696
2814,0.84898376
2815,0.652299
2816,0.29349878
2817,0.20779265
2818,0.4254647
2819,0.7858765
2820,0.5168211
2821,0.7953464
2822,0.50562716
2823,0.62458855
2824,0.52124685
2825,0.61314577
2826,0.24616495
2827,0.4148676
2828,0.58416337
2829,0.48105145
2830,0.7235049
2831,0.5141177
2832,0.8434241
2833,0.52668196
2834,0.82745755
2835,0.70185703
2836,0.9384104
2837,0.6657314
2838,0.38695434
2839,0.32062182
2840,0.31743816
2841,0.64815027
2842,0.18250743
2843,0.46356806
2844,0.62189645
2845,0.55159056
2846,0.23219739
2847,0.3104172
2848,0.33081546
2849,0.4325674
2850,0.6098452
2851,0.5037697
2852,0.5987997
2853,0.6075582
2854,0.2639572
2855,0.44281146
2856,0.58509725
2857,0.6400328
2858,0.533807
2859,0.674288
2860,0.40058738
2861,0.385007
2862,0.3395172
2863,0.34357905
2864,0.57822067
2865,0.8826042
2866,0.38077694
2867,0.5729748
2868,0.5567789
2869,0.5657468
2870,0.43175536
2871,0.16579328
2872,0.696854
2873,0.33176345
2874,0.13341235
2875,0.4803245
2876,0.39753497
2877,0.5276277
2878,0.60403764
2879,0.27545348
2880,0.20938693
2881,0.5800702
2882,0.78187376
2883,0.58268756
2884,0.5783914
2885,0.5377814
2886,0.42013994
2887,0.551925
2888,0.38921183
2889,0.70773953
2890,0.87047327
2891,0.61090267
2892,0.42982543
2893,0.6963551
2894,0.43676955
2895,0.33147135
2896,0.67087805
2897,0.565626
2898,0.65238225
2899,0.30729082
2900,0.88861376
2901,0.3330443
2902,0.13785154
2903,0.5999057
2904,0.6894149
2905,0.32893494
2906,0.3864829
2907,0.19127904
2908,0.69066054
2909,0.41276556
2910,0.53719664
2911,0.6048489
2912,0.613121
2913,0.88162786
2914,0.36405823
2915,0.35547146
2916,0.157918
2917,0.23219739
2918,0.7242381
2919,0.6773166
2920,0.49481824
2921,0.3776638
2922,0.11921412
2923,0.66113853
2924,0.29643783
2925,0.2807979
2926,0.5082016
2927,0.5100767
2928,0.5194958
2929,0.26380622
2930,0.9137718
2931,0.9210083
2932,0.43564293
2933,0.7111448
2934,0.35973388
2935,0.385007
2936,0.5431493
2937,0.2961651
2938,0.2742813
2939,0.8126597
2940,0.3347654
2941,0.55256385
2942,0.26380095
2943,0.4313096
2944,0.5269787
2945,0.35639304
2946,0.52165866
2947,0.48824367
2948,0.27018043
2949,0.17434588
2950,0.33270267
2951,0.14931855
2952,0.7164402
2953,0.39800143
2954,0.79420954
2955,0.70406437
2956,0.5308627
2957,0.22457905
2958,0.3104172
2959,0.33898786
2960,0.43175536
2961,0.5269787
2962,0.4438873
2963,0.28083754
2964,0.3873676
2965,0.43403018
2966,0.5398896
2967,0.29746625
2968,0.5284718
2969,0.5271902
2970,0.84172606
2971,0.39800143
2972,0.6287551
2973,0.1862144
2974,0.5165061
2975,0.54866034
2976,0.25014567
2977,0.6011384
2978,0.41582492
2979,0.92567354
2980,0.64346546
2981,0.4051958
2982,0.43536028
2983,0.72757596
2984,0.21541224
2985,0.5867232
2986,0.27505225
2987,0.4629956
2988,0.44267136
2989,0.81826633
2990,0.64965665
2991,0.5351003
2992,0.55615324
2993,0.4167106
2994,0.5353084
2995,0.4466392
2996,0.54685986
2997,0.20761812
2998,0.46100473
2999,0.7669425
3000,0.67545074
3001,0.54602045
3002,0.49708956
3003,0.71365184
3004,0.14082871
3005,0.33270267
3006,0.6384825
3007,0.5553523
3008,0.3526135
3009,0.4887075
3010,0.12847136
3011,0.17587197
3012,0.61090267
3013,0.610855
3014,0.28911406
3015,0.43304777
3016,0.84814125
3017,0.26927564
3018,0.35690948
3019,0.43589056
3020,0.3252322
3021,0.60257745
3022,0.3552993
3023,0.5029062
3024,0.44793287
3025,0.5167134
3026,0.46771824
3027,0.39703453
3028,0.44870406
3029,0.4245215
3030,0.60064596
3031,0.6195839
3032,0.5988011
3033,0.18250743
3034,0.92710346
3035,0.3735519
3036,0.90622926
3037,0.5416782
3038,0.73756677
3039,0.3104172
3040,0.17969869
3041,0.33941266
3042,0.57331944
3043,0.8322001
3044,0.2639572
3045,0.33147135
3046,0.60603046
3047,0.58104086
3048,0.4930313
3049,0.5682566
3050,0.62644386
3051,0.81912947
3052,0.6121463
3053,0.70024425
3054,0.5783914
3055,0.48465073
3056,0.3361119
3057,0.84780395
3058,0.39800143
3059,0.53079426
3060,0.56939703
3061,0.40203777
3062,0.36063325
3063,0.4713393
3064,0.6109708
3065,0.58130693
3066,0.64298517
3067,0.26455414
3068,0.6894149
3069,0.25980788
3070,0.6610948
3071,0.58076435
3072,0.90338683
3073,0.12197288
3074,0.40821964
3075,0.82876265
3076,0.31051934
3077,0.32367808
3078,0.4161912
3079,0.4682189
3080,0.19590443
3081,0.37703437
3082,0.5592105
3083,0.28637674
3084,0.14116812
3085,0.74705285
3086,0.14116812
3087,0.20779265
3088,0.63578254
3089,0.50794894
3090,0.51213795
3091,0.29210642
3092,0.47158486
3093,0.19590443
3094,0.1901657
3095,0.43062812
3096,0.8662896
3097,0.5616565
3098,0.32232618
3099,0.5632152
3100,0.56778353
3101,0.58154756
3102,0.8821533
3103,0.767607
3104,0.4990998
3105,0.4333277
3106,0.6046231
3107,0.5559908
3108,0.70413864
3109,0.29652506
3110,0.3114395
3111,0.54180753
3112,0.4410177
3113,0.41411036
3114,0.62280655
3115,0.15171887
3116,0.3353518
3117,0.4005594
3118,0.74894834
3119,0.677549
3120,0.35564342
3121,0.394147
3122,0.60549873
3123,0.3088877
3124,0.5802221
3125,0.5632152
3126,0.28681403
3127,0.575435
3128,0.66999114
3129,0.6000499
3130,0.5771828
3131,0.27979922
3132,0.32917082
3133,0.4397539
3134,0.4912616
3135,0.46238536
3136,0.5743062
3137,0.49456465
3138,0.78261703
3139,0.7078939
3140,0.7475005
3141,0.44327533
3142,0.45172396
3143,0.20779265
3144,0.63785106
3145,0.30599326
3146,0.6911474
3147,0.58799875
3148,0.82508653
3149,0.27545348
3150,0.72617155
3151,0.25074044
3152,0.12021002
3153,0.57322305
3154,0.5297329
3155,0.30498272
3156,0.29349878
3157,0.31989193
3158,0.6973282
3159,0.41933444
3160,0.3252322
3161,0.5567789
3162,0.51549196
3163,0.9072792
3164,0.2239864
3165,0.6262146
3166,0.16207719
3167,0.21891063
3168,0.50419253
3169,0.851671
3170,0.39812642
3171,0.3598607
3172,0.7531302
3173,0.44351786
3174,0.8892561
3175,0.14116812
3176,0.31830978
3177,0.784577
3178,0.13778476
3179,0.5571131
3180,0.22232603
3181,0.5061009
3182,0.5007432
3183,0.92353725
3184,0.7862104
3185,0.7971613
3186,0.34705964
3187,0.40821525
3188,0.88164407
3189,0.2639572
3190,0.53724694
3191,0.4751584
3192,0.21256657
3193,0.45153975
3194,0.6784467
3195,0.37871975
3196,0.405684
3197,0.30881312
3198,0.5274748
3199,0.4721632
3200,0.68740714
3201,0.41235244
3202,0.54911923
3203,0.53213155
3204,0.43621355
3205,0.76925915
3206,0.73366296
3207,0.5083611
3208,0.16984291
3209,0.34201753
3210,0.268134
3211,0.52518106
3212,0.31789687
3213,0.375744
3214,0.48975146
3215,0.20779265
3216,0.42691356
3217,0.6021383
3218,0.9158762
3219,0.44384462
3220,0.93103874
3221,0.3524065
3222,0.53566563
3223,0.46356806
3224,0.18683685
3225,0.51563466
3226,0.64878577
3227,0.57038695
3228,0.14116812
3229,0.8001576
3230,0.7950985
3231,0.75484073
3232,0.5338783
3233,0.31051934
3234,0.5013394
3235,0.4261553
3236,0.82861644
3237,0.5036109
3238,0.24497896
3239,0.36485407
3240,0.33081546
3241,0.4668596
3242,0.5325752
3243,0.88359576
3244,0.34780365
3245,0.7268823
3246,0.7917688
3247,0.8357783
3248,0.455772
3249,0.5363586
3250,0.47459096
3251,0.90582997
3252,0.61902887
3253,0.38695434
3254,0.6801684
3255,0.13778476
3256,0.5345312
3257,0.16028985
3258,0.63371545
3259,0.33186188
3260,0.68092006
3261,0.6570517
3262,0.34267974
3263,0.68365914
3264,0.90018165
3265,0.94600654
3266,0.57874197
3267,0.8223948
3268,0.50240445
3269,0.32160437
3270,0.6107416
3271,0.6717835
3272,0.3085505
3273,0.42890558
3274,0.58104086
3275,0.5197078
3276,0.42400363
3277,0.35908654
3278,0.23348688
3279,0.2590138
3280,0.35589245
3281,0.5788087
3282,0.31051934
3283,0.3308838
3284,0.36485407
3285,0.9179019
3286,0.72989005
3287,0.42986226
3288,0.4197052
3289,0.7442869
3290,0.40858293
3291,0.43564293
3292,0.49700597
3293,0.6211829
3294,0.14163037
3295,0.24808893
3296,0.44850495
3297,0.364698
3298,0.5477882
3299,0.5079163
3300,0.6768716
3301,0.49167103
3302,0.30538988
3303,0.20609167
3304,0.554187
3305,0.40638825
3306,0.31112045
3307,0.23837592
3308,0.4260801
3309,0.28872067
3310,0.54187876
3311,0.6240671
3312,0.5797434
3313,0.4700958
3314,0.44220534
3315,0.27208132
3316,0.39433655
3317,0.61996835
3318,0.78675866
3319,0.33147135
3320,0.24460933
3321,0.8908689
3322,0.14396979
3323,0.29497695
3324,0.25053728
3325,0.52702016
3326,0.1937924
3327,0.5988011
3328,0.17587197
3329,0.36376902
3330,0.6085453
3331,0.47475106
3332,0.3049204
3333,0.55880487
3334,0.2573123
3335,0.14163037
3336,0.59676677
3337,0.53079426
3338,0.40305817
3339,0.31025657
3340,0.31769532
3341,0.78588307
3342,0.7098335
3343,0.6885905
3344,0.11389736
3345,0.33754802
3346,0.55775577
3347,0.5459773
3348,0.20318492
3349,0.34351414
3350,0.3551356
3351,0.51229924
3352,0.23706838
3353,0.28017363
3354,0.3542656
3355,0.21234928
3356,0.23541485
3357,0.34824607
3358,0.5592105
3359,0.6623941
3360,0.29972658
3361,0.5078033
3362,0.3607617
3363,0.58407664
3364,0.863999
3365,0.5477882
3366,0.6541394
3367,0.84975713
3368,0.29702684
3369,0.9383648
3370,0.37904572
3371,0.2254735
3372,0.3568742
3373,0.89320755
3374,0.79955167
3375,0.63785106
3376,0.5183841
3377,0.6211829
3378,0.78717595
3379,0.7349328
3380,0.5743062
3381,0.3769952
3382,0.27979922
3383,0.7324049
3384,0.3333726
3385,0.27497086
3386,0.58076435
3387,0.5259411
3388,0.48379943
3389,0.82483774
3390,0.5695657
3391,0.39967158
3392,0.3104172
3393,0.16222185
3394,0.37093005
3395,0.5755083
3396,0.5840559
3397,0.16222185
3398,0.375744
3399,0.6286312
3400,0.33952352
3401,0.9319909
3402,0.76486397
3403,0.6095149
3404,0.47253805
3405,0.40959167
3406,0.6869853
3407,0.5771618
3408,0.5184338
3409,0.31255403
3410,0.5616565
3411,0.5197078
3412,0.5920561
3413,0.5001307
3414,0.38351285
3415,0.618732
3416,0.9017099
3417,0.55615324
3418,0.23219739
3419,0.31462654
3420,0.6847627
3421,0.6025907
3422,0.77166414
3423,0.7577915
3424,0.51563406
3425,0.7442869
3426,0.49120128
3427,0.37100038
3428,0.44877663
3429,0.8200425
3430,0.28017363
3431,0.47467208
3432,0.57382905
3433,0.16561997
3434,0.54946077
3435,0.15152526
3436,0.4618965
3437,0.6249828
3438,0.28699097
3439,0.33570942
3440,0.12197288
3441,0.5385819
3442,0.29177892
3443,0.4328432
3444,0.65277857
3445,0.4311687
3446,0.6105781
3447,0.33914924
3448,0.61090267
3449,0.47919333
3450,0.59648854
3451,0.6294614
3452,0.4154972
3453,0.3864668
3454,0.6569885
3455,0.12670028
3456,0.5827921
3457,0.6287551
3458,0.19162856
3459,0.33107686
3460,0.5029389
3461,0.7413892
3462,0.6150917
3463,0.22917014
3464,0.3719903
3465,0.63136786
3466,0.66415
3467,0.46796727
3468,0.45842683
3469,0.32524633
3470,0.50257784
3471,0.6026424
3472,0.3486046
3473,0.24646848
3474,0.16991156
3475,0.7830964
3476,0.70447
3477,0.3262944
3478,0.5952972
3479,0.36358756
3480,0.3378496
3481,0.19647951
3482,0.64047784
3483,0.47410923
3484,0.16722563
3485,0.54187876
3486,0.4031324
3487,0.23855983
3488,0.58236647
3489,0.7766243
3490,0.21468426
3491,0.5603406
3492,0.3088877
3493,0.5148237
3494,0.48782322
3495,0.83273834
3496,0.5274748
3497,0.3552993
3498,0.78965145
3499,0.3386083
3500,0.5309661
3501,0.5276277
3502,0.67930657
3503,0.4041939
3504,0.14082871
3505,0.3016692
3506,0.17529765
3507,0.51145834
3508,0.78036124
3509,0.58306146
3510,0.43820605
3511,0.4187936
3512,0.3494385
3513,0.4334949
3514,0.35297525
3515,0.3424997
3516,0.50703526
3517,0.45604655
3518,0.2086694
3519,0.652299
3520,0.5224829
3521,0.4978336
3522,0.5728066
3523,0.25994626
3524,0.7581151
3525,0.33730754
3526,0.6534033
3527,0.21822785
3528,0.5166479
3529,0.43939972
3530,0.20715405
3531,0.7944554
3532,0.14163037
3533,0.30599326
3534,0.48561978
3535,0.35794535
3536,0.828536
3537,0.5948025
3538,0.29904586
3539,0.5284718
3540,0.37871838
3541,0.45248815
3542,0.8041447
3543,0.45705208
3544,0.60051817
3545,0.1458568
3546,0.32565987
3547,0.65701056
3548,0.39800143
3549,0.73527575
3550,0.3206096
3551,0.46763703
3552,0.78185016
3553,0.5864739
3554,0.16579328
3555,0.60549873
3556,0.6789424
3557,0.50871176
3558,0.5895174
3559,0.37974602
3560,0.48767626
3561,0.5483087
3562,0.9083641
3563,0.40305817
3564,0.49495757
3565,0.5412837
3566,0.69562024
3567,0.40599772
3568,0.6191974
3569,0.78433126
3570,0.38929817
3571,0.37239325
3572,0.19920006
3573,0.5846716
3574,0.50240445
3575,0.41012278
3576,0.39938274
3577,0.28017363
3578,0.3735519
3579,0.85678947
3580,0.5925485
3581,0.14658691
3582,0.31051934
3583,0.44299442
3584,0.5758205
3585,0.653112
3586,0.8667686
3587,0.19127904
3588,0.48262382
3589,0.57468337
3590,0.30641875
3591,0.5962677
3592,0.2636849
3593,0.47459096
3594,0.3916425
3595,0.68181515
3596,0.41387877
3597,0.5660672
3598,0.4912616
3599,0.7441565
3600,0.5116929
3601,0.40585622
3602,0.76353145
3603,0.4410177
3604,0.81002074
3605,0.47019532
3606,0.55509245
3607,0.7440901
3608,0.6305908
3609,0.12021002
3610,0.33458564
3611,0.4961474
3612,0.5435369
3613,0.5430765
3614,0.408444
3615,0.16222185
3616,0.49258244
3617,0.7870935
3618,0.75512874
3619,0.29171515
3620,0.8768027
3621,0.5255584
3622,0.63616484
3623,0.2499901
3624,0.5110007
3625,0.3769112
3626,0.30699667
3627,0.17529765
3628,0.6790604
3629,0.17587197
3630,0.35640603
3631,0.35760128
3632,0.35634357
3633,0.40599772
3634,0.36487535
3635,0.5972397
3636,0.84686023
3637,0.8857315
3638,0.4597731
3639,0.71588814
3640,0.37976295
3641,0.6966949
3642,0.7052107
3643,0.3607617
3644,0.3715895
3645,0.41062143
3646,0.882928
3647,0.72438735
3648,0.6275565
3649,0.3906796
3650,0.31090513
3651,0.45224375
3652,0.34955487
3653,0.18774793
3654,0.6673847
3655,0.60051817
3656,0.30393997
3657,0.35537636
3658,0.5673398
3659,0.5362823
3660,0.40730107
3661,0.3505713
3662,0.768909
3663,0.26622924
3664,0.6492579
3665,0.5845164
3666,0.5967886
3667,0.5031526
3668,0.13778476
3669,0.61232305
3670,0.57212555
3671,0.4313096
3672,0.8781396
3673,0.30962634
3674,0.22043838
3675,0.43888995
3676,0.4365028
3677,0.3465551
3678,0.3566018
3679,0.33081546
3680,0.5338783
3681,0.27788734
3682,0.4494181
3683,0.40113258
3684,0.6043458
3685,0.35506073
3686,0.57494384
3687,0.33147135
3688,0.24616495
3689,0.20704666
3690,0.31048325
3691,0.40730107
3692,0.405684
3693,0.34705964
3694,0.48975146
3695,0.87579125
3696,0.57282823
3697,0.7839158
3698,0.7078782
3699,0.29177892
3700,0.38481364
3701,0.5359145
3702,0.3001592
3703,0.93499607
3704,0.5247823
3705,0.5262111
3706,0.29039735
3707,0.6072206
3708,0.6361804
3709,0.15917525
3710,0.40540296
3711,0.19590443
3712,0.74705285
3713,0.5276277
3714,0.3194201
3715,0.5448826
3716,0.76359034
3717,0.40846848
3718,0.95016986
3719,0.79110914
3720,0.6598503
3721,0.2274924
3722,0.3568742
3723,0.2639572
3724,0.14783183
3725,0.6194984
3726,0.31051934
3727,0.14637451
3728,0.53185683
3729,0.288741
3730,0.593178
3731,0.5137973
3732,0.3116232
3733,0.4912616
3734,0.65592843
3735,0.2639572
3736,0.26106784
3737,0.41308653
3738,0.2639572
3739,0.20318492
3740,0.42749113
3741,0.49880588
3742,0.43785188
3743,0.6721965
3744,0.5685208
3745,0.49973992
3746,0.5920561
3747,0.85443753
3748,0.23219739
3749,0.4082477
3750,0.43113768
3751,0.405684
3752,0.66365063
3753,0.68795496
3754,0.9232205
3755,0.35639304
3756,0.34544808
3757,0.7604889
3758,0.5559908
3759,0.4208656
3760,0.70976347
3761,0.20807023
3762,0.84078926
3763,0.31710792
3764,0.5660392
3765,0.50222415
3766,0.4563873
3767,0.5646935
3768,0.6187658
3769,0.33570942
3770,0.23541448
3771,0.5069072
3772,0.36940837
3773,0.6736773
3774,0.20286947
3775,0.36051887
3776,0.45291528
3777,0.31666428
3778,0.34789371
3779,0.47319052
3780,0.29171515
3781,0.28591123
3782,0.16209064
3783,0.44793287
3784,0.30122223
3785,0.48420927
3786,0.74426603
3787,0.4461625
3788,0.5803171
3789,0.69252414
3790,0.3729253
3791,0.32744712
3792,0.16561997
3793,0.31051934
3794,0.7200279
3795,0.4064327
3796,0.33811665
3797,0.51639444
3798,0.38161698
